{
  "mean_over_sequences": [
    [
      0.5,
      0.31875,
      0.30952380952380953,
      0.31666666666666665,
      0.2625,
      0.2729166666666667,
      0.2625,
      0.2583333333333333
    ],
    [
      0.21875,
      0.0,
      0.0,
      0.0,
      0.0,
      0.0,
      0.0,
      0.0
    ],
    [
      0.34375,
      0.25416666666666665,
      0.0,
      0.0,
      0.0,
      0.0,
      0.0,
      0.0
    ],
    [
      0.23125,
      0.3770833333333333,
      0.4401785714285714,
      0.0,
      0.0,
      0.0,
      0.0,
      0.0
    ],
    [
      0.29375,
      0.43124999999999997,
      0.5169642857142858,
      0.3958333333333333,
      0.0,
      0.0,
      0.0,
      0.0
    ],
    [
      0.20625,
      0.25,
      0.2613095238095238,
      0.23333333333333334,
      0.2625,
      0.0,
      0.0,
      0.0
    ],
    [
      0.2,
      0.23333333333333334,
      0.26845238095238094,
      0.15000000000000002,
      0.3729166666666667,
      0.3520833333333333,
      0.0,
      0.0
    ],
    [
      0.225,
      0.24791666666666667,
      0.26904761904761904,
      0.1875,
      0.275,
      0.29583333333333334,
      0.3375,
      0.0
    ],
    [
      0.125,
      0.14166666666666666,
      0.13452380952380952,
      0.18125,
      0.10625000000000001,
      0.19791666666666669,
      0.23125,
      0.4375
    ]
  ],
  "std_over_sequences": [
    [
      0.18708286933869708,
      0.3174098422174522,
      0.21549920950447163,
      0.3357058425145632,
      0.24458419526091332,
      0.2557183315278064,
      0.17474471175321524,
      0.22852182001336813
    ],
    [
      0.2534582242275271,
      0.0,
      0.0,
      0.0,
      0.0,
      0.0,
      0.0,
      0.0
    ],
    [
      0.2933032316806034,
      0.21524257264622415,
      0.0,
      0.0,
      0.0,
      0.0,
      0.0,
      0.0
    ],
    [
      0.21866069605669877,
      0.3069224476783816,
      0.2921703619605576,
      0.0,
      0.0,
      0.0,
      0.0,
      0.0
    ],
    [
      0.3427176055338522,
      0.22368442552449247,
      0.2843830594282928,
      0.18553868376865015,
      0.0,
      0.0,
      0.0,
      0.0
    ],
    [
      0.20777305613852548,
      0.31167748898959186,
      0.23065149767275478,
      0.21675822241411508,
      0.32486260832190933,
      0.0,
      0.0,
      0.0
    ],
    [
      0.24640269015229058,
      0.339934634239519,
      0.17748079644450543,
      0.1414213562373095,
      0.24233282570196388,
      0.2964656220868873,
      0.0,
      0.0
    ],
    [
      0.229906813420444,
      0.31211484201039624,
      0.22264132814401827,
      0.18850918886280926,
      0.2672612419124244,
      0.21189807373072944,
      0.13822858914545447,
      0.0
    ],
    [
      0.18322507626258086,
      0.1965980509842192,
      0.12348859504657085,
      0.22668023418778394,
      0.15683817866104632,
      0.14154406459552524,
      0.1667708008015792,
      0.3346106479391917
    ]
  ],
  "n_sequences": 8,
  "n_datapoints": 8,
  "dataset": "data/squad_val.json",
  "base_model": "models/iter2"
}