{
  "mean_over_sequences": [
    [
      0.20277777777777778,
      0.1712121212121212,
      0.2875,
      0.26875,
      0.3354166666666667,
      0.3885416666666667,
      0.34375,
      0.29375
    ],
    [
      0.47291666666666665,
      0.0,
      0.0,
      0.0,
      0.0,
      0.0,
      0.0,
      0.0
    ],
    [
      0.46597222222222223,
      0.49507575757575756,
      0.0,
      0.0,
      0.0,
      0.0,
      0.0,
      0.0
    ],
    [
      0.3659722222222222,
      0.4971590909090909,
      0.31875,
      0.0,
      0.0,
      0.0,
      0.0,
      0.0
    ],
    [
      0.24444444444444444,
      0.2943181818181818,
      0.25416666666666665,
      0.48125,
      0.0,
      0.0,
      0.0,
      0.0
    ],
    [
      0.24583333333333335,
      0.28674242424242424,
      0.13125,
      0.3,
      0.4444444444444445,
      0.0,
      0.0,
      0.0
    ],
    [
      0.2222222222222222,
      0.303219696969697,
      0.13125,
      0.29375,
      0.3902777777777778,
      0.4458333333333333,
      0.0,
      0.0
    ],
    [
      0.1638888888888889,
      0.271969696969697,
      0.13125,
      0.25,
      0.31180555555555556,
      0.46875,
      0.4375,
      0.0
    ],
    [
      0.19791666666666669,
      0.33352272727272725,
      0.11666666666666667,
      0.20625,
      0.25416666666666665,
      0.403125,
      0.35625,
      0.35625
    ]
  ],
  "std_over_sequences": [
    [
      0.19288490230683913,
      0.2511576241547552,
      0.1600471160786078,
      0.28402401809907357,
      0.18653854021120403,
      0.40071705322587875,
      0.35600712272168294,
      0.22109710213258918
    ],
    [
      0.2645657568215125,
      0.0,
      0.0,
      0.0,
      0.0,
      0.0,
      0.0,
      0.0
    ],
    [
      0.24549624903293657,
      0.18700352960293676,
      0.0,
      0.0,
      0.0,
      0.0,
      0.0,
      0.0
    ],
    [
      0.27974600315046433,
      0.313879840976911,
      0.3250686740631014,
      0.0,
      0.0,
      0.0,
      0.0,
      0.0
    ],
    [
      0.19363778254494696,
      0.26163813303694494,
      0.18681754106826706,
      0.2576507880279596,
      0.0,
      0.0,
      0.0,
      0.0
    ],
    [
      0.2538200212248891,
      0.2681625570895262,
      0.15338443765351722,
      0.15811388300841897,
      0.12443877538107706,
      0.0,
      0.0,
      0.0
    ],
    [
      0.25120520782298633,
      0.28676297483930097,
      0.18696351821373375,
      0.16132819255878905,
      0.1200290235330598,
      0.20849993338661338,
      0.0,
      0.0
    ],
    [
      0.19909406814815278,
      0.3063444314249771,
      0.15338443765351722,
      0.1690308509457033,
      0.22111704347150685,
      0.3127499000799201,
      0.3170736732775433,
      0.0
    ],
    [
      0.1773789549264333,
      0.2921784597270641,
      0.13213749452868198,
      0.2336626078038895,
      0.24032880915099736,
      0.1715902222304038,
      0.36197622258138135,
      0.12374368670764582
    ]
  ],
  "n_sequences": 8,
  "n_datapoints": 8,
  "dataset": "data/squad_val.json",
  "base_model": "models/iter2"
}