{
  "mean_over_sequences": [
    [
      0.35,
      0.3420673076923077,
      0.175,
      0.4125,
      0.24166666666666667,
      0.44613095238095235,
      0.43333333333333335,
      0.13125
    ],
    [
      0.45416666666666666,
      0.0,
      0.0,
      0.0,
      0.0,
      0.0,
      0.0,
      0.0
    ],
    [
      0.425,
      0.5264423076923077,
      0.0,
      0.0,
      0.0,
      0.0,
      0.0,
      0.0
    ],
    [
      0.36875,
      0.3824519230769231,
      0.50625,
      0.0,
      0.0,
      0.0,
      0.0,
      0.0
    ],
    [
      0.29375,
      0.28221153846153846,
      0.4270833333333333,
      0.3729166666666667,
      0.0,
      0.0,
      0.0,
      0.0
    ],
    [
      0.26875,
      0.15625,
      0.19375,
      0.2833333333333333,
      0.3,
      0.0,
      0.0,
      0.0
    ],
    [
      0.34375,
      0.171875,
      0.1375,
      0.22708333333333333,
      0.3125,
      0.49226190476190473,
      0.0,
      0.0
    ],
    [
      0.2625,
      0.14807692307692308,
      0.15625,
      0.12916666666666665,
      0.20625,
      0.2875,
      0.38125,
      0.0
    ],
    [
      0.23125,
      0.09471153846153846,
      0.15,
      0.2583333333333333,
      0.18333333333333335,
      0.36160714285714285,
      0.4791666666666667,
      0.17500000000000002
    ]
  ],
  "std_over_sequences": [
    [
      0.282842712474619,
      0.24714437872407952,
      0.2712405363721075,
      0.2616719744684597,
      0.3472111109333276,
      0.283594567445865,
      0.30237157840738177,
      0.10999188281738924
    ],
    [
      0.21907996655566603,
      0.0,
      0.0,
      0.0,
      0.0,
      0.0,
      0.0,
      0.0
    ],
    [
      0.232992949004287,
      0.29237591381450573,
      0.0,
      0.0,
      0.0,
      0.0,
      0.0,
      0.0
    ],
    [
      0.20166715859837678,
      0.22148789272326466,
      0.33213325638966057,
      0.0,
      0.0,
      0.0,
      0.0,
      0.0
    ],
    [
      0.22109710213258918,
      0.24495706232678835,
      0.2471965832968789,
      0.34248595151352845,
      0.0,
      0.0,
      0.0,
      0.0
    ],
    [
      0.2548634087954902,
      0.27958834535284705,
      0.15683817866104632,
      0.3338091841585121,
      0.38544964466377263,
      0.0,
      0.0,
      0.0
    ],
    [
      0.24118383622693884,
      0.19431082427021773,
      0.1767766952966369,
      0.23434093667811137,
      0.24748737341529162,
      0.21460954367368582,
      0.0,
      0.0
    ],
    [
      0.2117107190754133,
      0.20442071215280103,
      0.20948491251502713,
      0.1452283369087102,
      0.2396984712985403,
      0.26958963523950885,
      0.34219616345849685,
      0.0
    ],
    [
      0.22509918448795602,
      0.1338508509343814,
      0.20701966780270625,
      0.25307631071994674,
      0.24364950105649583,
      0.3244402558127409,
      0.38624669310753706,
      0.19820624179302299
    ]
  ],
  "n_sequences": 8,
  "n_datapoints": 8,
  "dataset": "data/squad_val.json",
  "base_model": "models/iter2"
}