{
  "mean_over_sequences": [
    [
      0.28750000000000003,
      0.25625,
      0.3,
      0.2611111111111111,
      0.47843137254901963,
      0.3875,
      0.34375,
      0.325
    ],
    [
      0.40625,
      0.0,
      0.0,
      0.0,
      0.0,
      0.0,
      0.0,
      0.0
    ],
    [
      0.325,
      0.50625,
      0.0,
      0.0,
      0.0,
      0.0,
      0.0,
      0.0
    ],
    [
      0.18125000000000002,
      0.4375,
      0.425,
      0.0,
      0.0,
      0.0,
      0.0,
      0.0
    ],
    [
      0.18125000000000002,
      0.28125,
      0.4125,
      0.4263888888888889,
      0.0,
      0.0,
      0.0,
      0.0
    ],
    [
      0.13125,
      0.3125,
      0.2625,
      0.3284722222222222,
      0.31176470588235294,
      0.0,
      0.0,
      0.0
    ],
    [
      0.15625,
      0.34375,
      0.22916666666666666,
      0.27847222222222223,
      0.3254901960784314,
      0.53125,
      0.0,
      0.0
    ],
    [
      0.1,
      0.275,
      0.3104166666666667,
      0.1840277777777778,
      0.30343137254901964,
      0.50625,
      0.5625,
      0.0
    ],
    [
      0.05,
      0.18125,
      0.17916666666666667,
      0.125,
      0.14754901960784314,
      0.275,
      0.39375,
      0.38125
    ]
  ],
  "std_over_sequences": [
    [
      0.2900123150094541,
      0.2610931689208717,
      0.19760470401187075,
      0.26949557688615094,
      0.20228822277328506,
      0.31367635732209265,
      0.3223102985810856,
      0.31959796173138705
    ],
    [
      0.23058543504988094,
      0.0,
      0.0,
      0.0,
      0.0,
      0.0,
      0.0,
      0.0
    ],
    [
      0.2052872551885702,
      0.22109710213258915,
      0.0,
      0.0,
      0.0,
      0.0,
      0.0,
      0.0
    ],
    [
      0.13076014027873437,
      0.32486260832190933,
      0.2158409173148168,
      0.0,
      0.0,
      0.0,
      0.0,
      0.0
    ],
    [
      0.13076014027873437,
      0.23594415198758975,
      0.24148186694551635,
      0.16797764821494443,
      0.0,
      0.0,
      0.0,
      0.0
    ],
    [
      0.15338443765351722,
      0.25319388392523,
      0.21689548357135238,
      0.1454009083955719,
      0.25882352941176473,
      0.0,
      0.0,
      0.0
    ],
    [
      0.14500615750472706,
      0.252752702401831,
      0.15033032411727965,
      0.2593309377482151,
      0.18708800693139707,
      0.2711582300323664,
      0.0,
      0.0
    ],
    [
      0.2138089935299395,
      0.26592157812837547,
      0.22937760854448566,
      0.1694330597268286,
      0.23331509002899747,
      0.2731267366731318,
      0.3367385590378048,
      0.0
    ],
    [
      0.09258200997725514,
      0.22668023418778394,
      0.16004711607860783,
      0.18322507626258086,
      0.23773650681869626,
      0.20528725518857022,
      0.2555631037532609,
      0.2202879608927499
    ]
  ],
  "n_sequences": 8,
  "n_datapoints": 8,
  "dataset": "data/squad_val.json",
  "base_model": "models/iter2"
}