{
  "mean_over_sequences": [
    [
      0.37430555555555556,
      0.36875,
      0.43472222222222223,
      0.3138888888888889,
      0.29500000000000004,
      0.3333333333333333,
      0.22083333333333333,
      0.21647727272727274
    ],
    [
      0.37916666666666665,
      0.0,
      0.0,
      0.0,
      0.0,
      0.0,
      0.0,
      0.0
    ],
    [
      0.34930555555555554,
      0.48333333333333334,
      0.0,
      0.0,
      0.0,
      0.0,
      0.0,
      0.0
    ],
    [
      0.26180555555555557,
      0.4291666666666667,
      0.37083333333333335,
      0.0,
      0.0,
      0.0,
      0.0,
      0.0
    ],
    [
      0.21666666666666667,
      0.42916666666666664,
      0.275,
      0.39166666666666666,
      0.0,
      0.0,
      0.0,
      0.0
    ],
    [
      0.22569444444444445,
      0.2791666666666667,
      0.3145833333333333,
      0.3888888888888889,
      0.41000000000000003,
      0.0,
      0.0,
      0.0
    ],
    [
      0.1638888888888889,
      0.2708333333333333,
      0.20833333333333331,
      0.26666666666666666,
      0.3675,
      0.425,
      0.0,
      0.0
    ],
    [
      0.14166666666666666,
      0.21250000000000002,
      0.36041666666666666,
      0.2638888888888889,
      0.3075,
      0.375,
      0.20416666666666666,
      0.0
    ],
    [
      0.2076388888888889,
      0.2125,
      0.15763888888888888,
      0.33055555555555555,
      0.2225,
      0.175,
      0.3208333333333333,
      0.3568181818181818
    ]
  ],
  "std_over_sequences": [
    [
      0.24761539094776636,
      0.17915974515977154,
      0.29998162789129335,
      0.19425160505648184,
      0.14803474495633015,
      0.2253744679276044,
      0.24620129846343086,
      0.2301113315581225
    ],
    [
      0.13678566248082238,
      0.0,
      0.0,
      0.0,
      0.0,
      0.0,
      0.0,
      0.0
    ],
    [
      0.20490969964552272,
      0.10389249632986393,
      0.0,
      0.0,
      0.0,
      0.0,
      0.0,
      0.0
    ],
    [
      0.21101579928645361,
      0.22917207785819213,
      0.31036972320019407,
      0.0,
      0.0,
      0.0,
      0.0,
      0.0
    ],
    [
      0.19107050140703694,
      0.2027098168349768,
      0.2853569193634026,
      0.28382310609877337,
      0.0,
      0.0,
      0.0,
      0.0
    ],
    [
      0.18656217549728205,
      0.21962269232510329,
      0.26598685669879996,
      0.2008798986610333,
      0.28824592674609345,
      0.0,
      0.0,
      0.0
    ],
    [
      0.16795796064256638,
      0.2353231483024654,
      0.29694208724026167,
      0.20778499265972789,
      0.27957876477709415,
      0.31860310184920754,
      0.0,
      0.0
    ],
    [
      0.1649915822768611,
      0.203100960115899,
      0.27887778229955407,
      0.19095508581124027,
      0.2504709849178429,
      0.25927248643506745,
      0.19553548778706895,
      0.0
    ],
    [
      0.1603275279724276,
      0.25319388392523,
      0.13418831367647804,
      0.2627859155087478,
      0.19285449733635238,
      0.22519832529192066,
      0.30023139224419704,
      0.21812769891565464
    ]
  ],
  "n_sequences": 8,
  "n_datapoints": 8,
  "dataset": "data/squad_val.json",
  "base_model": "models/iter2"
}