{
  "mean_over_sequences": [
    [
      0.20267857142857143,
      0.29375,
      0.13125,
      0.36041666666666666,
      0.2604166666666667,
      0.22291666666666665,
      0.19166666666666668,
      0.23541666666666666
    ],
    [
      0.28928571428571426,
      0.0,
      0.0,
      0.0,
      0.0,
      0.0,
      0.0,
      0.0
    ],
    [
      0.2741071428571429,
      0.5208333333333334,
      0.0,
      0.0,
      0.0,
      0.0,
      0.0,
      0.0
    ],
    [
      0.2625,
      0.3541666666666667,
      0.45625,
      0.0,
      0.0,
      0.0,
      0.0,
      0.0
    ],
    [
      0.21250000000000002,
      0.375,
      0.25,
      0.4291666666666667,
      0.0,
      0.0,
      0.0,
      0.0
    ],
    [
      0.28035714285714286,
      0.25625,
      0.20625,
      0.3833333333333333,
      0.3729166666666667,
      0.0,
      0.0,
      0.0
    ],
    [
      0.23125,
      0.32916666666666666,
      0.25625,
      0.3020833333333333,
      0.3354166666666667,
      0.49166666666666664,
      0.0,
      0.0
    ],
    [
      0.23750000000000002,
      0.22291666666666665,
      0.10625000000000001,
      0.3458333333333333,
      0.30208333333333337,
      0.275,
      0.35,
      0.0
    ],
    [
      0.1,
      0.21875,
      0.2,
      0.25625,
      0.2604166666666667,
      0.15416666666666667,
      0.325,
      0.3854166666666667
    ]
  ],
  "std_over_sequences": [
    [
      0.23572781346463198,
      0.18600595228571123,
      0.15338443765351722,
      0.3234164718837219,
      0.24623151771749352,
      0.3414415634773266,
      0.17615829821994203,
      0.1909536426748483
    ],
    [
      0.26897386262518186,
      0.0,
      0.0,
      0.0,
      0.0,
      0.0,
      0.0,
      0.0
    ],
    [
      0.23959202143371527,
      0.22338485546427192,
      0.0,
      0.0,
      0.0,
      0.0,
      0.0,
      0.0
    ],
    [
      0.20485186285285695,
      0.233800552635571,
      0.39228042083620307,
      0.0,
      0.0,
      0.0,
      0.0,
      0.0
    ],
    [
      0.1529472364668847,
      0.22677868380553634,
      0.38172540616821105,
      0.331153587346866,
      0.0,
      0.0,
      0.0,
      0.0
    ],
    [
      0.2729749184860195,
      0.24991069833613994,
      0.26245747954940923,
      0.35231659643988406,
      0.19312334655376856,
      0.0,
      0.0,
      0.0
    ],
    [
      0.22509918448795602,
      0.323883920025051,
      0.2555631037532609,
      0.21866069605669877,
      0.28955870912777953,
      0.28228095876721776,
      0.0,
      0.0
    ],
    [
      0.21339098923270938,
      0.2191139262995684,
      0.15683817866104632,
      0.2771381524719315,
      0.24727683541596318,
      0.2370453040886408,
      0.3338091841585121,
      0.0
    ],
    [
      0.10690449676496976,
      0.17307615994947756,
      0.23904572186687872,
      0.12565305597632903,
      0.3080838759220849,
      0.17153601130550744,
      0.26049403612586386,
      0.13640436500952158
    ]
  ],
  "n_sequences": 8,
  "n_datapoints": 8,
  "dataset": "data/squad_val.json",
  "base_model": "models/iter2"
}