{
  "mean_over_sequences": [
    [
      0.36736111111111114,
      0.25357142857142856,
      0.22916666666666669,
      0.34444444444444444,
      0.484375,
      0.21666666666666667,
      0.22013888888888888,
      0.1653409090909091
    ],
    [
      0.49583333333333335,
      0.0,
      0.0,
      0.0,
      0.0,
      0.0,
      0.0,
      0.0
    ],
    [
      0.3423611111111111,
      0.5125,
      0.0,
      0.0,
      0.0,
      0.0,
      0.0,
      0.0
    ],
    [
      0.30694444444444446,
      0.4791666666666667,
      0.5270833333333333,
      0.0,
      0.0,
      0.0,
      0.0,
      0.0
    ],
    [
      0.4548611111111111,
      0.43839285714285714,
      0.38333333333333336,
      0.5645833333333333,
      0.0,
      0.0,
      0.0,
      0.0
    ],
    [
      0.2972222222222222,
      0.3592261904761905,
      0.37916666666666665,
      0.4895833333333333,
      0.596875,
      0.0,
      0.0,
      0.0
    ],
    [
      0.2847222222222222,
      0.23779761904761904,
      0.15000000000000002,
      0.29791666666666666,
      0.371875,
      0.3965277777777778,
      0.0,
      0.0
    ],
    [
      0.20555555555555555,
      0.23154761904761906,
      0.17500000000000002,
      0.2729166666666667,
      0.290625,
      0.2888888888888889,
      0.36527777777777776,
      0.0
    ],
    [
      0.2972222222222222,
      0.24494047619047618,
      0.1375,
      0.26805555555555555,
      0.284375,
      0.34791666666666665,
      0.19722222222222222,
      0.1965909090909091
    ]
  ],
  "std_over_sequences": [
    [
      0.282006502670596,
      0.22195278450326508,
      0.11709106481844574,
      0.20511535877560153,
      0.2966893216336385,
      0.25087149685946375,
      0.22902171943241825,
      0.18446030759147466
    ],
    [
      0.13266200039652026,
      0.0,
      0.0,
      0.0,
      0.0,
      0.0,
      0.0,
      0.0
    ],
    [
      0.2875110227163848,
      0.32608183800905727,
      0.0,
      0.0,
      0.0,
      0.0,
      0.0,
      0.0
    ],
    [
      0.2663978473095201,
      0.35542842469246194,
      0.332610824113498,
      0.0,
      0.0,
      0.0,
      0.0,
      0.0
    ],
    [
      0.27285216229514436,
      0.2585951602719969,
      0.2629201097804885,
      0.30866295122725285,
      0.0,
      0.0,
      0.0,
      0.0
    ],
    [
      0.31849237003533243,
      0.32512098742250556,
      0.21579494970332444,
      0.2033328454326699,
      0.2785284994394649,
      0.0,
      0.0,
      0.0
    ],
    [
      0.287416117661063,
      0.31080435658555744,
      0.17728105208558367,
      0.25734257015250783,
      0.3559287398583358,
      0.253266795425107,
      0.0,
      0.0
    ],
    [
      0.22214284296545772,
      0.2691687464379119,
      0.19820624179302299,
      0.2557183315278064,
      0.2692375146329246,
      0.25062532024195894,
      0.3363586259046415,
      0.0
    ],
    [
      0.3359552964298889,
      0.31789169599957706,
      0.1407885953173359,
      0.14525869400287722,
      0.19408093856503714,
      0.2071035129575669,
      0.18418513039193904,
      0.1582025288725705
    ]
  ],
  "n_sequences": 8,
  "n_datapoints": 8,
  "dataset": "data/squad_val.json",
  "base_model": "models/iter2"
}