{
  "mean_over_sequences": [
    [
      0.3625,
      0.5666666666666667,
      0.3375,
      0.32868589743589743,
      0.28125,
      0.425,
      0.2783653846153846,
      0.39791666666666664
    ],
    [
      0.34375,
      0.0,
      0.0,
      0.0,
      0.0,
      0.0,
      0.0,
      0.0
    ],
    [
      0.3875,
      0.6916666666666667,
      0.0,
      0.0,
      0.0,
      0.0,
      0.0,
      0.0
    ],
    [
      0.325,
      0.5166666666666667,
      0.525,
      0.0,
      0.0,
      0.0,
      0.0,
      0.0
    ],
    [
      0.275,
      0.39166666666666666,
      0.4125,
      0.45560897435897435,
      0.0,
      0.0,
      0.0,
      0.0
    ],
    [
      0.225,
      0.45833333333333337,
      0.5,
      0.4217948717948718,
      0.3125,
      0.0,
      0.0,
      0.0
    ],
    [
      0.2625,
      0.4083333333333333,
      0.39375,
      0.4041666666666667,
      0.4,
      0.45625,
      0.0,
      0.0
    ],
    [
      0.15000000000000002,
      0.225,
      0.2375,
      0.33621794871794874,
      0.25,
      0.35,
      0.4389423076923077,
      0.0
    ],
    [
      0.30625,
      0.325,
      0.23750000000000002,
      0.2717948717948718,
      0.30625,
      0.28125,
      0.37548076923076923,
      0.4291666666666667
    ]
  ],
  "std_over_sequences": [
    [
      0.23867192066576604,
      0.35096239567025295,
      0.2669269563007828,
      0.16293070814610908,
      0.22980970388562794,
      0.29519969028245463,
      0.1766832763315458,
      0.33528446818064
    ],
    [
      0.24118383622693884,
      0.0,
      0.0,
      0.0,
      0.0,
      0.0,
      0.0,
      0.0
    ],
    [
      0.2401636346922061,
      0.20138409955990955,
      0.0,
      0.0,
      0.0,
      0.0,
      0.0,
      0.0
    ],
    [
      0.26049403612586386,
      0.30602417167732626,
      0.39910614413425693,
      0.0,
      0.0,
      0.0,
      0.0,
      0.0
    ],
    [
      0.23754698783308414,
      0.28382310609877337,
      0.26423744732991306,
      0.16732883043316177,
      0.0,
      0.0,
      0.0,
      0.0
    ],
    [
      0.24928469095164496,
      0.28382310609877337,
      0.35456210417116735,
      0.2949975842543162,
      0.18850918886280923,
      0.0,
      0.0,
      0.0
    ],
    [
      0.2875388172552907,
      0.19659805098421917,
      0.3121784059522009,
      0.1687371394276382,
      0.32623392133340673,
      0.3121784059522009,
      0.0,
      0.0
    ],
    [
      0.17728105208558367,
      0.22519832529192066,
      0.23867192066576604,
      0.22009687963123342,
      0.2507132682112035,
      0.30118812346154306,
      0.32163754125708066,
      0.0
    ],
    [
      0.23669977970899278,
      0.36936238496708274,
      0.21339098923270938,
      0.2759760294936438,
      0.1741048534648015,
      0.2865278595280296,
      0.3776396949769928,
      0.2946278254943948
    ]
  ],
  "n_sequences": 8,
  "n_datapoints": 8,
  "dataset": "data/squad_val.json",
  "base_model": "models/iter2"
}